file_name,chroma_stft_mean,chroma_stft_var,rms_mean,rms_var,spectral_centroid_mean,spectral_centroid_var,spectral_bandwidth_mean,spectral_bandwidth_var,rolloff_mean,rolloff_var,zero_crossing_rate_mean,zero_crossing_rate_var,harmony_mean,harmony_var,perceptr_mean,perceptr_var,tempo,mfcc1_mean,mfcc1_var,mfcc2_mean,mfcc2_var,mfcc3_mean,mfcc3_var,mfcc4_mean,mfcc4_var,mfcc5_mean,mfcc5_var,mfcc6_mean,mfcc6_var,mfcc7_mean,mfcc7_var,mfcc8_mean,mfcc8_var,mfcc9_mean,mfcc9_var,mfcc10_mean,mfcc10_var,mfcc11_mean,mfcc11_var,mfcc12_mean,mfcc12_var,mfcc13_mean,mfcc13_var,mfcc14_mean,mfcc14_var,mfcc15_mean,mfcc15_var,mfcc16_mean,mfcc16_var,mfcc17_mean,mfcc17_var,mfcc18_mean,mfcc18_var,mfcc19_mean,mfcc19_var,mfcc20_mean,mfcc20_var,label
rock.00000.wav,0.38743302,0.08594111,0.12909234,0.005181232,1996.3291884611144,253392.62105603828,2097.039295713461,96076.68023025346,4227.868737311485,1270933.2585690813,0.09022025147428461,0.001637011879503814,1.7870747e-05,0.012361938,6.82433e-05,0.0037518004,123.046875,-116.62627,5845.3877,109.25263,485.50604,-23.163752,368.85547,40.67948,161.10097,-11.888837,195.70766,23.152945,127.25556,-15.409277,130.27263,15.1249895,63.69785,-13.522578,111.76194,12.695887,59.18774,-10.871556,77.22884,8.497991,54.672256,-11.577597,39.0658,2.1976976,59.77731,-6.180506,72.42433,1.9899799,72.00899,-7.9558887,35.61278,2.0833833,33.01669,-2.3929138,30.403519,-1.5417932,57.880424,rock
rock.00001.wav,0.36540443,0.092093,0.1803724,0.004919634,1529.2908080861932,226835.07102411127,1845.3704398355187,118117.52927376576,3271.448122099768,1361527.2334883937,0.05495977438611756,0.0008505703507633726,1.5607383e-06,0.024932494,-2.396894e-05,0.004523108,151.99908088235293,-111.25285,3154.2026,134.15211,745.4454,-24.65805,318.48373,41.54234,203.56879,-3.0750806,131.25165,28.475191,73.57225,-10.599551,146.67412,14.917009,53.902203,-14.410271,118.97467,8.844091,49.57464,-4.547977,71.35295,9.940146,62.030167,-4.680241,54.02703,3.6218278,34.821846,-5.555472,49.379974,3.3616462,28.226122,-4.9562955,38.25594,-1.477911,38.036705,0.089315675,31.705431,-5.348198,37.67895,rock
rock.00002.wav,0.43678045,0.086584084,0.14856811,0.0065527745,1875.1802162587353,469233.6657319977,1983.770690590682,168373.77316146521,3929.4931504676624,2040711.4239224833,0.07680441258217324,0.0022585211558165167,8.061669e-06,0.010543614,-3.6502923e-05,0.009816977,107.666015625,-120.445526,8091.653,117.5898,855.7237,-27.635336,548.95874,42.838066,194.111,-6.757944,296.3208,21.642138,155.98853,-12.10304,113.92699,17.95223,59.67419,-10.473286,118.46771,12.275668,61.06342,-6.5690436,92.33621,13.523022,44.695625,-2.4200737,65.171936,6.712717,47.136436,-3.1554117,73.767815,5.4701724,32.84723,-2.235662,45.983543,1.0611793,48.13715,-1.654424,32.438793,-0.035615146,31.24732,rock
rock.00003.wav,0.3801126,0.0983729,0.15122105,0.0039843195,1421.355041089321,428174.6869119267,1902.3217903991372,172098.80551346592,3042.7015547962587,2532761.4487996837,0.0430986562258314,0.0009387563717807856,4.4904584e-05,0.015294029,-5.6494093e-05,0.00519133,95.703125,-156.54553,5366.8706,130.7242,735.01373,-1.480792,405.91962,36.234592,150.961,0.35091263,246.401,31.955034,96.25902,-0.6218726,142.61743,20.156782,73.1298,-11.339355,106.01002,13.855699,49.589294,-3.7898722,83.45811,11.537828,70.015465,-3.2142534,68.85041,5.058525,50.319134,-1.7850618,57.22465,3.542804,28.201986,-2.4448645,32.993206,-0.7330248,33.035183,-1.4241273,39.34434,0.6442886,35.79731,rock
rock.00004.wav,0.37182298,0.08869458,0.20865633,0.0018219758,1345.8413833729003,476337.64545893844,1841.826395247532,166537.42395357235,2939.1573239921695,2551452.043820146,0.04107944520978345,0.001326453826093628,6.8680324e-06,0.031458493,4.84844e-05,0.004252049,103.359375,-127.97042,3183.7078,134.44084,828.5696,1.0205101,451.04453,54.43924,154.66487,-0.45447052,161.37946,35.814583,102.64516,-10.856743,133.12305,16.386305,43.617428,-10.0327215,113.01953,6.592466,87.644455,-6.6975994,66.396484,11.04186,67.328285,-8.380609,65.61362,2.1077473,52.527565,-6.3462076,39.329388,0.9917485,37.742233,-5.323316,46.32642,-0.8430056,43.06578,-4.661474,27.124546,-4.788684,27.636402,rock
rock.00005.wav,0.37675795,0.081911206,0.20371321,0.0030958725,1542.1092954403396,112771.94063945445,1591.6275688848318,127523.0454879969,2869.7864364305397,639455.8442921967,0.07702117471481051,0.0003190024299724785,5.8045516e-06,0.027477916,-2.010899e-05,0.005994698,99.38401442307692,-62.36485,1572.5226,153.79042,975.2122,-55.13121,223.17624,28.010103,143.24887,-6.850295,157.17488,17.46384,99.863846,-22.614672,190.12909,18.14102,78.53616,-12.584327,132.88754,4.502157,75.72981,-8.390483,61.825478,7.216679,47.548714,-2.5232487,47.69909,4.844655,28.73168,-6.275708,31.911957,-0.71447885,45.18292,-2.2775123,27.141006,-5.244769,41.87875,-5.225095,28.841185,-6.276886,33.442474,rock
rock.00006.wav,0.34448424,0.088035464,0.18003526,0.0035813996,1676.146047974431,209843.56943717366,1653.5278081221988,80587.52825789028,3255.327363689095,731885.8244540886,0.08730529171500387,0.0013243877174166697,1.8552488e-05,0.02368593,-2.2571456e-05,0.005117294,112.34714673913044,-98.38649,2694.7002,136.57487,671.14886,-46.71402,339.4148,46.476673,255.2408,-17.15201,213.64883,10.547506,147.66106,-14.580566,116.87941,16.55133,113.080025,-12.312679,99.419655,3.7018619,85.881294,-12.647758,87.86799,2.951305,78.73793,-12.505246,64.52926,0.109871894,62.327606,-0.7819079,72.17648,-5.6888523,63.223953,-8.629558,65.66598,-1.8903699,52.95457,-2.1854918,41.101074,-3.397589,44.9495,rock
rock.00007.wav,0.3591255,0.08772954,0.1570209,0.0036368535,1282.1973338530781,299724.66080558393,1729.3657926000556,172002.74263414458,2675.912666763341,1623590.754085009,0.047179750942575406,0.001039512994052671,2.538997e-07,0.017116548,-4.3513264e-05,0.0040027364,89.10290948275862,-140.46417,2934.91,149.30049,557.28143,-10.073525,273.601,38.784744,136.9906,1.5350952,162.65771,20.120264,71.56867,-11.34188,90.33152,16.292198,67.227135,-13.255261,146.00279,10.183559,92.77045,-9.257683,86.35761,4.699765,50.890213,-8.370977,51.05137,2.2718363,45.687813,-6.509603,48.041992,-1.6324769,50.388,-6.4886813,53.07728,-4.7097774,49.610233,-2.5701594,34.243233,-1.7915926,28.876339,rock
rock.00008.wav,0.40886402,0.08201305,0.26079375,0.0009211135,1717.0993094173925,47189.97818161879,1842.2731265609573,32570.202415150976,3362.1523686738688,433918.97800956847,0.08495074137180975,0.00031028019509660225,1.3736983e-06,0.04081574,2.073109e-06,0.008650135,89.10290948275862,-14.946681,586.031,138.44057,193.81851,-41.902412,71.186485,22.075436,97.14125,-18.676533,57.090958,32.004406,36.984715,-20.370274,40.541683,15.703646,44.05971,-17.348824,50.446545,14.874468,19.228132,-8.903126,25.562645,12.260918,36.83089,-5.8288655,35.157726,9.972276,29.988369,-3.1722856,25.010906,1.9803572,21.618004,-6.9255514,26.145452,3.12534,20.05364,-2.9862368,18.841654,-6.6731334,32.080765,rock
rock.00009.wav,0.37620473,0.092475414,0.1281802,0.0037958606,1181.3266069695658,275338.3167980429,1607.7013606071775,259362.38335851874,2367.3450301805397,2083130.780484415,0.04253295992846094,0.00038905118978240107,-7.562642e-07,0.013697725,-7.3335104e-05,0.0030512281,75.99954044117646,-178.60347,4753.15,154.00502,885.8791,-4.958517,456.5406,21.928644,201.1995,-2.0540266,136.18881,23.674204,76.299576,-1.2848492,128.36229,11.562133,71.51964,-6.0270863,110.3953,4.947251,68.50321,-2.940482,62.627193,5.409077,37.261837,-4.123982,63.24452,2.9835277,51.947952,-5.321567,49.810738,-8.830944,57.607018,-11.077198,40.246956,-3.2063417,29.992111,3.8582175,32.904152,3.5543106,32.467808,rock
rock.00010.wav,0.39827147,0.08778343,0.15342064,0.0026921474,1857.9725986066064,379959.17134177167,2182.3502320405573,106105.55553698825,4191.671972429669,1648787.6290652694,0.07170823665893271,0.001792337409446518,7.6175354e-07,0.011402281,-2.1695247e-05,0.0078042033,161.4990234375,-108.94804,2676.7957,114.95368,459.32266,-5.2112894,334.68295,46.19136,170.23799,-9.136667,125.25786,20.517895,140.06793,-17.024096,107.52481,24.221983,85.436325,-8.050692,77.78536,13.43937,63.898067,-18.37755,53.233856,8.584026,56.306385,-11.401218,47.909935,1.8885924,50.249237,-10.55389,45.451096,-0.25589052,31.901972,-11.79859,45.53043,-6.499075,39.328686,-4.303899,48.186466,-2.7363358,33.10914,rock
rock.00011.wav,0.34330356,0.08884028,0.1233552,0.00094543863,1537.4684493223901,491539.223021113,2037.1769456902246,173045.4651957943,3416.651523528132,2377117.450731083,0.05433025787896365,0.0016077067950221369,-9.2476193e-07,0.010690525,-4.4488977e-05,0.0019037484,117.45383522727273,-169.68312,2896.3472,119.105644,617.52936,7.161805,400.07285,53.429665,216.10742,4.125313,139.71024,23.133099,126.45973,-5.721344,91.2242,24.986755,71.53943,-9.328978,68.606094,13.474868,60.21199,-14.278746,55.12234,5.959376,52.212833,-13.598075,47.23446,0.75341785,63.775124,-10.458351,51.210888,0.084026694,56.023926,-4.370689,71.07629,1.1720741,96.77215,0.48747548,79.97407,-5.8290653,75.67757,rock
rock.00012.wav,0.33894858,0.09835816,0.07587266,0.0013045726,1863.7644722086293,812510.1143960912,2067.372180055261,208396.97282878857,3986.232224749855,2731982.455711036,0.0682249371616396,0.003194016440927993,-7.31592e-06,0.002384797,-3.8242313e-05,0.0031431962,112.34714673913044,-204.6047,5790.9287,106.97547,879.35144,-10.207929,353.56155,45.58597,237.64252,3.0347538,232.51036,24.002531,165.01701,-7.5044093,178.97116,20.065851,135.20998,-5.168004,156.28174,8.738427,83.87268,-10.105714,79.201836,4.3647547,74.706535,-6.9585667,60.22561,4.7029552,54.13903,-8.221911,71.09522,-0.8157996,52.276466,-9.628988,57.548325,-7.3858194,55.1181,-9.435307,38.82911,-3.1338713,46.775032,rock
rock.00013.wav,0.44025162,0.09267544,0.13366963,0.001955305,1597.5180157577397,704726.7790187814,2238.0990950633422,276442.51195603015,3826.665027733469,4554303.288870289,0.04610991275135344,0.0014795850367416506,-2.0316547e-05,0.010176725,-3.592171e-05,0.0041816705,123.046875,-211.21675,4662.6055,95.75193,857.46326,40.583527,751.49866,68.280975,274.2995,5.304847,162.75044,30.969952,144.86623,-5.2771754,117.15884,22.821358,118.596,-1.6232678,148.08434,17.491806,79.57539,-11.495021,60.38224,8.730979,61.135895,-10.45692,54.242004,5.7192817,55.05293,-7.8945274,47.81393,3.7230728,41.52583,-6.6363835,81.41334,-1.2775112,97.17778,2.7818987,106.33911,6.266782,77.187325,rock
rock.00014.wav,0.38081726,0.100258,0.053596962,0.0011297062,1937.0023679878925,918601.7953854225,2008.2836649605592,183812.97907516177,3985.824209686775,2689572.40212995,0.0835791733130317,0.005583384855288103,-6.032818e-06,0.0018540743,-2.3115741e-05,0.0012293493,117.45383522727273,-256.37222,12504.605,103.12504,1342.4264,-8.427773,652.6007,48.58596,361.14066,-4.1882463,430.41174,17.339882,210.1495,-6.681784,281.92667,17.037977,189.00304,-4.612256,190.97545,5.318705,110.15308,-10.017794,132.7214,8.225862,99.171364,-6.207776,88.99085,3.4253097,88.998245,-3.6573415,80.95432,1.7009529,61.840923,-5.408959,60.2907,-3.248392,43.171024,-3.8748896,74.63042,-1.037097,56.56753,rock
rock.00015.wav,0.34380922,0.09238893,0.082274765,0.003098614,2335.5199314696915,1047256.5929950698,2098.8864327789393,186228.2758849376,4500.064745414008,2909157.011472703,0.11416000519624904,0.006500616080961253,-7.315255e-06,0.004551255,-3.1261654e-05,0.0028814597,135.99917763157896,-174.93277,3596.765,90.93342,1643.9994,-18.715298,630.8615,41.614548,258.27713,-8.878751,308.18402,9.084968,174.4287,-12.457276,203.44652,13.13021,169.51787,-9.691081,135.0254,4.335098,110.431786,-13.485934,121.491615,6.740899,111.03234,-10.384655,107.583046,7.1451287,61.77806,-5.7903366,87.306496,0.79593915,64.283356,-8.140871,77.154366,-5.7169795,62.04592,-3.3500679,47.338276,-0.41356623,67.25127,rock
rock.00016.wav,0.46147576,0.07914815,0.18441163,0.001024213,2459.5208917950536,129305.17551242844,2221.3730531524147,43569.25778439527,5024.347447795823,642143.1865482471,0.1428334058391338,0.0011601360614878437,-3.0002226e-05,0.014262029,-0.0011237189,0.0072235772,143.5546875,-15.672693,337.82083,100.08496,184.99974,-37.597607,172.26141,45.951027,126.49342,-20.771992,87.01906,25.640266,53.662075,-18.628998,50.347534,26.507004,34.70579,-20.164482,50.725624,21.119764,44.458042,-13.650189,35.531548,10.966076,45.249016,-15.529788,38.235806,3.6817815,38.101315,-7.7056265,37.2809,3.9328868,26.625229,-8.118255,43.05566,6.9473047,47.992077,-2.0590782,33.513763,3.8998318,35.924877,rock
rock.00017.wav,0.41892445,0.0767066,0.16600236,0.0012083016,2312.0661576350117,158624.82132973906,2060.9445132340174,69999.23801446357,4528.392648364994,812959.2884436091,0.14054758495262953,0.001161095990578981,-4.333884e-05,0.01421909,-0.0010579997,0.005278054,123.046875,-41.4065,1034.918,105.41008,245.18457,-43.935265,210.75938,54.118137,117.89298,-18.419096,84.451454,23.529264,62.116642,-17.622053,62.202732,20.66435,43.5014,-18.465052,54.672993,17.480465,37.986702,-15.180029,38.345615,11.313598,33.41568,-14.159313,40.367252,2.833992,43.952553,-9.473337,38.796463,3.3448856,35.59401,-8.205554,35.74229,3.700595,35.03752,-3.6805446,41.600925,-0.15843736,43.968918,rock
rock.00018.wav,0.4804928,0.07871578,0.14066513,0.0021791435,2209.182003498545,279551.7377739377,2142.8478460544625,98776.37220028679,4593.891556246374,1262346.0392462937,0.11578005667536737,0.0025068845349651083,-3.107832e-05,0.008231059,-0.0010118923,0.0058019087,117.45383522727273,-67.59407,1402.3759,109.12802,455.35165,-32.71142,349.3932,45.65237,172.49678,-11.680289,92.29316,27.491205,119.12785,-16.32995,87.15679,22.081251,48.365757,-15.446939,60.937027,19.393972,52.546593,-11.610448,62.452896,11.576827,35.680756,-10.516491,43.397064,4.444856,35.242413,-7.0086017,40.49083,5.033096,38.264317,-6.7556458,45.722855,3.815808,41.12402,-2.6504467,36.238995,-0.066629834,32.412056,rock
rock.00019.wav,0.4358935,0.07695942,0.11220418,0.0014599024,2321.1497601816604,163419.97780100393,2118.769457209884,63337.00399434225,4701.357727758846,778530.1815056916,0.12819063285479504,0.0018804624146087807,-0.00018468121,0.0063791475,-0.00082447357,0.0031956555,117.45383522727273,-84.1865,2007.7543,102.343544,285.00833,-41.35082,250.36818,47.032593,197.41441,-16.94698,63.791286,26.23382,75.668625,-18.950123,70.07895,18.797083,72.515625,-21.695305,70.563995,11.054098,80.26724,-19.2392,50.573593,5.234156,54.86705,-16.756317,27.454798,1.0997113,40.570305,-9.67043,39.871044,1.0988563,35.23382,-7.537694,38.1435,3.24615,37.50602,-4.7154517,27.68308,-0.3217646,21.855265,rock
rock.00020.wav,0.39801338,0.080649585,0.15243913,0.0020374388,2188.057530802664,319669.5235278332,2120.1965119367924,88581.08200506786,4431.917903041618,1389786.8932440972,0.11753303545533643,0.0025779670821172054,-7.584564e-05,0.011763808,-0.0010503076,0.0050624763,99.38401442307692,-56.960926,2017.259,115.221,500.94974,-30.44724,311.79138,37.199028,116.47399,-21.998432,141.39107,21.875805,106.19867,-19.772882,65.65413,15.003683,51.934456,-24.094864,74.56734,17.788218,64.71467,-17.29499,53.993893,6.7472944,42.676235,-10.742702,50.3124,0.8205283,30.504324,-10.17275,33.73866,3.6925101,32.830185,-8.560947,35.746563,-0.9104865,44.6608,-2.5309522,31.029322,-1.9617608,35.43616,rock
rock.00021.wav,0.3929219,0.07989615,0.16144805,0.0025404857,2158.1594856172887,249351.9117060626,2060.651234652039,61847.45415040082,4245.813073248985,924481.4924985582,0.121568436412413,0.00287810113160439,-6.3347696e-05,0.012854741,-0.0010254653,0.0059099942,184.5703125,-55.33593,1250.0803,114.42699,420.3429,-34.03885,272.69794,37.997505,158.64417,-22.330324,184.83379,18.537243,113.25945,-18.15919,109.2835,13.812107,59.18038,-27.804724,98.93144,18.16542,69.27639,-14.628683,49.03075,6.551334,57.451996,-8.264944,49.37761,-2.2530942,51.234013,-11.602567,37.20732,2.495975,40.120644,-10.939674,43.63394,0.71032476,45.851677,-0.6814992,39.167572,-0.062656954,44.91288,rock
rock.00022.wav,0.41583455,0.07889999,0.1737927,0.002264349,2342.446272262434,256753.78793941706,2113.056605864733,71786.97390462148,4595.4403481184745,1022631.6429731476,0.13844302856728538,0.0022189663220703033,-0.00012232403,0.012301611,-0.0010018394,0.007948015,198.76802884615384,-34.634476,1172.2921,106.50069,487.05115,-41.059685,388.48367,33.66809,123.67771,-27.229921,97.133354,21.403963,89.96702,-21.319082,109.18148,14.005236,44.255764,-27.781681,109.881165,16.053364,78.824425,-18.818726,45.204357,5.6487145,45.785976,-14.2938385,45.625946,0.81312186,50.945045,-10.533708,41.822525,4.4449964,53.350155,-7.4688435,40.093975,2.070476,57.733803,-2.899584,40.79359,-0.35772067,38.37125,rock
rock.00023.wav,0.29427958,0.08255681,0.1356956,0.0016731045,2294.7279250962683,394330.89259097935,2206.963200987496,120162.62139724311,4847.935057460847,1676202.0417473824,0.11556707088650425,0.002368106960200071,-0.00017187191,0.013435858,-0.0008655131,0.0023602252,73.828125,-88.36004,3051.7422,105.4332,587.4104,-24.50932,163.95229,41.850685,114.92063,-22.360504,119.49369,23.726532,122.91411,-19.787085,78.92691,15.147273,132.1313,-27.103642,102.347885,13.853663,128.96454,-15.209694,62.00082,8.935021,44.61788,-12.798515,51.524967,-1.1130918,58.737793,-10.047855,81.62888,1.779152,45.14175,-7.34602,78.71724,7.0953918,63.01579,0.5872528,61.066647,2.505291,71.106224,rock
rock.00024.wav,0.40513226,0.075897746,0.15654169,0.0016133463,2320.3950808851237,118499.23800901641,2044.9183640762299,45874.139375574545,4466.440973481003,482877.92116078065,0.14343044578982986,0.002008805656088223,-0.00016528086,0.013863303,-0.0008716403,0.004412003,73.828125,-52.480682,1093.1815,99.70796,376.6466,-47.386406,434.04138,47.01759,186.19792,-21.017344,147.65253,22.883759,113.92976,-18.278618,47.420666,13.886501,54.391907,-23.446274,65.08658,13.51214,63.351936,-18.663303,46.22916,5.705186,43.972435,-12.890456,41.44737,1.1912118,39.010002,-12.40836,32.04821,0.38663414,38.33491,-9.139816,29.72997,1.5921024,29.976326,-4.125119,31.20739,0.30876586,35.249847,rock
rock.00025.wav,0.41512856,0.079821214,0.1491075,0.0015399337,2510.0731424010837,144290.26107929272,2115.277506177653,54353.012647115014,4735.123055938225,703645.2678008555,0.15782813406322505,0.0019227859858536396,-8.2223785e-05,0.010921229,-0.000990716,0.004639866,103.359375,-47.04379,573.7742,95.77823,261.07626,-43.917877,252.27315,52.071087,269.10162,-22.550802,125.02847,20.861921,86.31754,-18.675611,73.73017,19.246445,49.139057,-21.253605,50.38867,21.88196,85.05444,-19.212608,36.051086,9.452245,47.40847,-12.584075,83.87986,3.8894029,36.941967,-8.495849,41.160973,6.268981,32.695,-9.12195,35.896698,2.6897986,30.179262,-2.4425328,28.228394,-1.879325,24.177597,rock
rock.00026.wav,0.38332304,0.08043397,0.15266521,0.001178072,2263.203109317406,231109.97495695573,2150.2263290331543,57601.34650924592,4603.001117042489,934485.9183216651,0.12290601737722351,0.0021532998742007196,-4.5479745e-05,0.013161714,-0.001033619,0.004257314,112.34714673913044,-58.981987,951.8757,106.57721,382.33762,-31.803864,182.6668,47.910946,124.65966,-17.425423,123.44834,27.75524,87.738106,-14.010047,100.47048,22.419035,46.002457,-20.549543,53.643997,19.562534,65.551704,-14.581267,41.715885,10.176432,35.24581,-10.946365,48.20921,4.524342,33.65688,-9.725236,52.114147,4.615562,43.033257,-10.112679,29.887,1.4581627,31.47116,-3.0046003,33.180477,-0.62048084,32.00525,rock
rock.00027.wav,0.40252107,0.088679746,0.07916759,0.0002482251,2669.3593348436702,459574.82935993536,2440.4637807361887,84924.46982961944,5445.8670695868805,1368321.2646247721,0.13342209570917182,0.004557295710476564,0.0006351527,0.004010371,0.0012992347,0.00095577724,151.99908088235293,-123.34534,2638.291,74.88168,637.5639,-17.058035,273.49777,31.609985,200.48418,2.5446815,108.10187,17.32831,89.284744,-3.8152325,101.97509,9.7234535,61.39626,-7.237523,65.99235,11.2586565,46.9783,0.38198882,44.053905,3.4685218,48.98466,1.663686,70.568634,-3.1594353,49.43048,-1.0820168,44.152332,0.3157254,43.70128,-5.9876003,50.225597,-0.31926414,72.70314,-2.3376036,65.23295,-4.321616,50.4502,rock
rock.00028.wav,0.44281673,0.0797024,0.13878995,0.00088019733,2046.8578298872565,353716.2924216084,2070.1644810526145,184833.26286577052,4095.472012761021,1612013.781562015,0.10197110039636505,0.0013508897310199578,-0.0020812748,0.011357212,-0.0032831645,0.004076063,135.99917763157896,-92.63433,2623.1455,101.83765,754.77637,-33.491867,378.50204,48.725113,210.26276,12.398135,116.86943,20.813831,66.87119,8.697564,60.58455,9.275422,56.75805,2.77349,64.015114,5.2337246,74.08123,-9.328545,49.991547,-3.4863636,44.587215,-4.360381,36.374763,-4.656358,25.771328,-3.9698186,38.829197,-3.129895,36.154636,-7.001191,30.497087,-0.3954579,27.799044,-1.1422417,35.936985,-6.003614,34.775482,rock
rock.00029.wav,0.41854024,0.08253541,0.18004455,0.0012299878,2445.1189672253313,372126.052057729,2434.0559165699456,110187.67471178925,5173.572711988834,1220142.5925196162,0.11150145917923433,0.0022686079244187383,-0.0004804111,0.019377716,-0.0028232452,0.005308218,123.046875,-42.399296,1373.3102,85.04793,534.1272,-7.3838058,308.87622,40.714485,121.70526,-1.0092214,75.55319,18.923359,83.665886,-3.5411758,56.034973,5.871917,40.51244,-5.0200562,42.0601,4.245414,46.842983,-3.1746843,43.59066,-0.58025384,44.570923,-0.5299237,42.525234,2.3431058,33.371227,-0.3666726,29.040686,-4.1084723,33.16105,-3.85727,29.973263,-3.9110951,25.36839,-5.780759,30.61065,-4.3296633,29.497599,rock
rock.00030.wav,0.39021087,0.085134424,0.096469395,0.00049786555,2944.617225650979,723938.0408363608,2831.300610104305,108819.10704545375,6333.584516839473,1186604.3592237195,0.11491716212296983,0.0036779132800871858,-7.978888e-06,0.0056060096,-0.0003376644,0.0018663176,117.45383522727273,-131.42769,2446.11,67.74452,837.3521,32.89004,808.24365,34.585876,345.97614,-3.2927597,127.6195,21.882212,188.8335,-5.809261,107.42544,10.232336,68.28158,-7.0489717,70.05697,2.2989485,79.06558,-4.3683047,50.851627,-3.317443,46.40254,-6.280927,45.706448,-0.22606143,38.359303,-1.96103,41.914715,-1.9077443,34.960606,-0.88531506,30.652908,0.94890165,28.93585,-1.5479157,33.414913,-1.1732568,34.76184,rock
rock.00031.wav,0.3692198,0.087509915,0.12614734,0.0030830374,2639.1039097541793,606951.679936463,2512.6868986164127,237348.92943613997,5302.99675536543,2600158.4225373506,0.1324454393851508,0.003145667683973978,-0.0017133805,0.007359526,-0.0016133686,0.0063990937,117.45383522727273,-89.08187,4752.8213,81.389336,892.21155,-12.564247,623.4786,22.778366,192.7659,-7.0668626,151.60162,-0.49518725,154.18248,2.7513537,151.57341,-3.4457023,80.937164,-7.7104874,76.62858,-0.843749,85.88556,-4.883028,63.38097,-2.6869316,77.06782,-5.2926173,63.061466,-4.5957756,47.8216,-2.9711182,59.45666,-2.2105966,48.144638,-3.5639029,40.738506,-1.0050805,62.34636,-0.49868187,69.218445,-0.97403556,69.53815,rock
rock.00032.wav,0.38331518,0.0870288,0.22182517,0.0024335997,2344.525923596728,274368.6513491404,2374.8837223208916,99938.0842004692,4728.642093571088,1176876.3495799622,0.11589709565839694,0.0016669991919297065,0.00015293727,0.027343981,0.0017279563,0.009342178,92.28515625,-26.406563,1052.4598,85.88428,488.55753,-17.21161,233.5747,35.311554,126.9444,9.982888,152.89627,10.665744,72.84443,1.3990859,63.59555,4.5759234,61.63331,-0.121477716,51.603783,2.0990708,47.13981,0.322952,82.78877,5.3930078,43.60534,-1.0125064,48.943913,0.37318316,33.455475,-1.6099937,52.5099,-2.4630904,53.135193,-5.9575667,43.86705,-1.5919791,46.816715,-6.750192,54.27889,-1.347262,54.01271,rock
rock.00033.wav,0.32347274,0.087020785,0.12787735,0.0013891463,1674.134044195846,239963.90601630858,1948.2944441414272,199873.26206786666,3431.789715052204,1547797.2762920612,0.07487394564481825,0.000705522968416734,-0.00012662825,0.012377675,-0.0009241173,0.0019667333,117.45383522727273,-119.03785,2551.3303,128.89801,868.8368,-17.83216,365.32257,29.174347,96.34928,2.7172751,118.55282,7.998562,88.17125,-7.062791,101.984726,3.8721452,70.86873,-1.5170447,60.103863,-3.9864917,59.388786,-7.0405617,51.002186,-2.8676345,37.830994,-4.180409,43.010506,-1.8484714,52.09728,-2.9512167,59.22044,-2.2554915,61.556976,-0.5738734,64.23991,-0.09969944,67.42295,-2.7955196,43.418865,-2.6253784,49.06586,rock
rock.00034.wav,0.42131665,0.07875683,0.19099241,0.0007785821,2788.3693358036517,281769.06787224783,2648.3386460056126,82063.716580868,5832.197276824111,1242505.7921792935,0.13492539898700306,0.0015101520204161896,0.00016742051,0.023535639,0.0016020873,0.0049826885,135.99917763157896,-28.048374,665.7644,65.66149,337.99814,-7.321227,253.27672,33.75632,173.30719,11.126422,93.249405,14.604361,75.4717,2.0925806,78.151665,10.009483,37.76835,-0.22511579,47.724094,10.134864,52.33776,-2.854763,73.325775,3.0963168,36.726067,-1.6673212,39.646717,-0.11128814,35.38865,-1.6675025,44.267254,1.8607966,31.972698,-3.9520955,33.249073,-1.6541672,38.05971,-6.4595456,37.648663,-3.963088,65.14303,rock
rock.00035.wav,0.4572786,0.079385094,0.12408983,0.00046121614,1867.414328611574,398291.31442593475,2422.3716996793923,281194.0254755639,4271.110007159948,2937795.019213241,0.05698049593967518,0.0006292575380888801,-1.370928e-05,0.010284815,-0.0011600744,0.0018313394,129.19921875,-124.00335,2411.4404,109.49398,582.7755,5.8743453,366.42242,32.895947,128.0278,10.985755,82.428276,11.695206,55.336052,12.678273,58.267723,12.968339,47.407696,1.6449655,39.5946,4.500419,34.82377,9.672361,34.55702,3.0521114,31.941204,3.5316386,25.03643,0.73924416,27.893574,1.7675536,31.319014,-0.6834702,24.65033,-0.03675559,29.27055,-1.0077116,24.510191,-5.555849,31.888042,-0.8458305,34.50291,rock
rock.00036.wav,0.42793378,0.07712987,0.21626079,0.0014510712,2850.236430563597,406562.65578935953,2621.6900442511956,116903.76137616862,5897.606074892241,1702671.8688486305,0.14704748862547892,0.002449327108715504,-7.551908e-05,0.026801882,-0.0013890485,0.008240881,135.99917763157896,-0.42657727,936.8424,72.35004,483.59146,-13.061866,260.93295,23.915255,94.16433,10.229574,95.88121,10.317129,76.82701,-5.016699,67.39622,14.344585,53.25978,-0.69392127,43.75453,9.888121,51.981323,0.72519857,38.07452,5.222892,39.796722,-4.096552,34.95359,0.29972786,29.596762,-0.30989182,33.06472,-1.2404759,33.757515,-6.1593857,32.15935,1.0186313,29.262459,-3.3828042,34.272427,1.3313694,49.57334,rock
rock.00037.wav,0.45177332,0.073094755,0.11334493,0.0009830364,2626.819513809363,407054.3745480783,2442.645410773215,148733.59564312772,5047.29621338457,1849781.5459419484,0.14627101157675948,0.002434224210761945,-0.0026147286,0.0052860742,-0.0028989597,0.0041181045,129.19921875,-71.13559,1828.0012,79.458374,489.19827,-20.803537,355.93732,30.648138,232.47679,5.531395,87.6017,3.7041204,74.35818,4.703728,72.91216,7.2695193,47.696003,-5.486207,68.53649,2.504747,53.543148,0.8459366,42.68113,-0.5797619,40.079266,-1.8930234,35.110783,-4.7903395,28.540356,-3.0437052,35.782154,-3.866341,34.680637,-6.895356,32.33062,-3.7750762,40.622902,-4.7960124,35.086567,-4.7957544,31.447502,rock
rock.00038.wav,0.41147804,0.08462332,0.21929601,0.004281777,2794.9630917428512,337551.76758128434,2633.962322159196,95459.17185130615,5862.422884064193,1569694.1733657727,0.14055017052051083,0.0035422740809959432,-0.00017772756,0.028942104,-0.0011713638,0.008926366,135.99917763157896,-15.92807,1142.6136,67.15309,446.87427,-20.121902,410.77057,15.576831,229.11185,4.8012633,226.8246,10.825859,188.82095,5.9594,112.03914,11.79642,96.057335,-0.39681533,99.74888,5.6550355,89.651146,0.1137238,83.49225,1.0979241,93.88436,-1.741559,74.604225,5.704884,77.67993,-0.59419173,64.62638,1.7240589,69.589226,-1.5776424,55.31495,1.5810982,47.192097,0.41281497,72.59255,2.9387238,49.90895,rock
rock.00039.wav,0.44263646,0.07272733,0.14428338,0.0014750538,2559.1663853758114,237199.77115816282,2731.0133213574068,93885.31217676625,5447.017745794664,1851536.7723948073,0.12275949523878577,0.0013836326493271935,3.2838332e-07,0.012441202,-4.606033e-06,0.0037915201,143.5546875,-50.849358,1274.4817,86.40166,349.87598,-14.42425,214.13017,12.829985,80.71946,21.69184,134.90697,4.235366,59.132183,1.7406834,51.872787,3.7037308,36.59787,4.6833963,37.319267,-1.8644677,31.190496,-1.195588,21.398329,-0.017734772,21.800207,-4.127094,29.32399,-5.76508,36.513958,-1.0674845,26.334282,2.2959766,18.057419,-1.5759252,17.21397,-3.8568509,19.390165,-6.1447306,18.558167,-5.379481,17.193031,rock
rock.00040.wav,0.416132,0.0877849,0.1428521,0.003147719,3010.0558253003737,435101.54253855237,2778.0746205462265,135531.8871281167,6131.283987093968,1788475.819904585,0.14475178847641146,0.0034656322249357547,7.3469903e-07,0.011479137,1.4743826e-07,0.0055782977,112.34714673913044,-65.91231,2672.3743,61.28031,454.24246,-1.9368678,342.85397,35.309376,267.8158,9.313,96.96968,7.5558777,120.41502,3.4096608,109.58959,2.977946,62.864536,4.6069074,62.1253,2.9099398,46.690037,1.7725732,53.953293,-0.39182526,44.771492,-5.758149,39.341732,-3.492569,43.46411,-3.685261,56.005222,-5.7201214,42.2549,-3.9549906,48.748104,-3.0947235,49.51011,-2.7348802,58.169495,-0.91384846,63.15318,rock
rock.00041.wav,0.40218621,0.079977036,0.16064425,0.0020506259,2806.8726158984045,435555.8836788128,2688.10179892761,118216.4179662777,5677.17987556192,1852293.4181650453,0.14835555334010053,0.003308363798247909,-2.4998994e-06,0.012993658,-1.54337e-05,0.0062905382,117.45383522727273,-35.399956,1418.6277,73.69067,495.72684,-20.220224,274.71417,17.177567,195.7111,14.948894,124.64279,10.214969,66.76674,7.60081,75.48381,1.5895824,53.47647,4.1754875,40.746822,0.74550146,39.863743,-0.38657853,43.204067,-1.3119748,32.930023,-2.0403228,33.501884,2.5288308,37.62349,3.6107922,51.325405,-3.543384,30.73236,-4.7971244,23.366886,-2.502818,32.218468,-3.9775624,39.33586,-0.8242294,36.34444,rock
rock.00042.wav,0.44458494,0.08034319,0.11890994,0.0019524745,2794.819915902151,611225.5427436623,2732.10667545763,206325.98892151186,5878.15643806192,2741626.558334707,0.13765528325599383,0.004258426751473014,-3.3322804e-06,0.0055308198,-1.7353761e-05,0.0048546693,161.4990234375,-74.18399,3571.1052,76.735054,716.29944,-3.804385,514.9018,28.03363,263.0437,8.136066,172.60889,6.016017,83.43493,4.299718,92.6286,0.50605327,49.28731,2.8456137,68.30143,-0.9449358,43.44662,-2.35504,71.645035,-0.28597203,41.455826,-1.4562421,45.570957,-3.60794,36.47304,-1.5270268,32.37786,-1.5173227,35.94905,-5.024079,30.484924,-2.3991942,27.1192,-2.9785542,27.838947,-4.949774,24.943335,rock
rock.00043.wav,0.4202275,0.08820721,0.13980499,0.0033981963,2739.5011653116667,408642.9568046151,2541.944054377775,168155.651801898,5326.7365705662705,1986257.1240366525,0.14395686811194897,0.0026607509363414266,1.8719994e-06,0.008889056,-5.3649806e-06,0.00725169,89.10290948275862,-62.13462,4700.2583,75.87379,527.25195,-26.72933,425.70148,18.281229,205.15181,2.45904,81.21573,5.8335543,73.0828,11.579477,113.16734,0.010207079,71.406334,8.693243,81.697914,5.5156765,58.2473,-0.24614881,38.887535,2.3988752,53.281456,-1.7415359,51.363026,-3.1665978,56.977367,2.002597,51.65857,-1.4131924,39.987522,-5.528636,52.81407,-2.5277913,55.65326,0.6214494,45.646515,-1.4029925,54.191658,rock
rock.00044.wav,0.31147423,0.08318597,0.14430736,0.0012344437,1651.756224588436,252110.05113907412,2103.973963911004,316666.01516096975,3455.7460280416185,2381383.0321916216,0.06890203560034802,0.0005114312630844836,2.2749042e-07,0.016877687,-7.043783e-06,0.0020367694,92.28515625,-118.39433,2392.0813,130.25537,964.48926,-3.0893328,469.25586,15.728806,243.29678,3.9465375,118.54878,10.665425,61.84105,6.837985,46.137474,3.3979797,39.8483,0.76980966,45.9143,-2.5344226,33.147526,-3.1066284,47.984962,-2.8668935,82.86183,-1.6236911,42.506104,-0.20019823,79.235115,0.7412355,72.99862,2.026045,61.3173,2.0829566,58.869938,4.144146,61.725204,3.1539614,74.198204,2.2534523,64.42416,rock
rock.00045.wav,0.36128634,0.082614936,0.09696267,0.0008177754,1561.41110666822,90460.52707099817,1568.952472484125,11146.734295092278,3243.286755909223,282282.427188027,0.07895466272718484,0.0008125600145595518,-1.1597914e-06,0.0072929487,-8.723602e-06,0.0007739864,151.99908088235293,-172.66568,3892.5774,142.76349,212.16432,-55.773094,401.18964,79.31552,105.94843,-1.8741938,121.66569,4.7934155,67.250626,0.24512385,53.830643,-11.501139,41.91161,-0.2671954,30.366251,-9.363408,45.261505,-7.680029,29.080082,-11.2667055,27.602154,-5.6835923,25.57325,-11.291878,24.238226,-7.6921525,23.25129,-4.286482,26.066542,-11.2813635,17.763832,-7.8397284,20.088213,-7.7233353,20.819246,-8.150021,21.540527,rock
rock.00046.wav,0.36140597,0.08205194,0.12061557,0.0013690103,2429.067900204574,443292.6411117276,2502.1928427273165,217442.8507013805,5035.572025449536,2737111.0522091636,0.11818445475638051,0.0016775927327495313,-1.1976662e-06,0.00836704,-8.152256e-06,0.0035738833,103.359375,-83.05496,2543.5293,91.50623,711.9713,-13.687614,436.33508,16.134861,85.12732,10.328308,81.79014,5.533294,79.24219,-9.451849,76.06832,-6.618414,55.60433,-3.0336118,60.31488,4.9335394,38.702,2.640077,35.67999,1.0502369,43.68819,-3.671963,50.919617,-1.6092173,47.009,-4.436815,49.870037,-1.8672625,33.44069,2.0092478,52.562553,-1.0250852,47.538292,-3.1809008,45.20801,-2.296022,59.262894,rock
rock.00047.wav,0.461415,0.086454384,0.13890117,0.001976533,2997.853838301254,545375.0561123876,2691.255071850366,138567.4202950235,5962.265828922564,2004819.2728563282,0.1562231879592034,0.005149487848221891,-7.3702618e-06,0.010131419,-1.4988309e-05,0.005189588,107.666015625,-58.31212,1855.2865,62.513275,688.6699,-12.654887,334.88348,31.943604,274.58026,8.115569,107.29471,2.2606413,124.77639,3.90708,175.12642,1.453355,105.03777,-2.7132814,88.82468,1.1064516,84.999626,-0.4595751,35.341,-2.3795288,49.154915,1.2424839,52.770714,-1.495535,46.91817,-0.46652862,50.25527,1.0434523,69.31019,-2.066976,53.12408,-1.5088786,51.921825,-3.2097237,46.560043,-5.058255,35.896214,rock
rock.00048.wav,0.3216622,0.08172419,0.14554074,0.0005761986,1646.6359254811155,118168.04180506922,1701.4258605018726,53341.75322849344,3184.299435361079,506144.1572043013,0.08525284887374324,0.0007798133065946844,-4.7989647e-07,0.013957846,-9.768146e-06,0.0025041576,129.19921875,-93.35886,1341.4579,137.46744,515.4383,-45.09206,158.88356,37.81154,154.03087,-9.419834,142.2772,12.59467,97.01912,-7.4806423,51.04652,5.539186,65.141045,-3.7403598,62.572765,-2.0107427,37.89442,-2.4594233,54.31975,-9.579354,46.57619,-3.1679165,56.90796,-5.5624547,57.104046,-7.494168,48.33414,-5.6835785,41.602528,-2.0150528,48.536877,-3.879438,68.98613,-6.2089562,41.68234,-8.088406,66.68692,rock
rock.00049.wav,0.396407,0.07771277,0.10098885,0.0023165573,2078.055423580924,1216425.5993333785,2334.0444992761963,694624.8729410513,4496.092843677494,6648740.0835121935,0.09133351761890951,0.0029176165924991435,0.0005627046,0.006919819,0.0018251932,0.0018904506,112.34714673913044,-142.40489,9883.046,116.13788,2134.8276,2.2472296,453.5638,31.061197,188.60883,6.1861997,139.8743,0.12031545,83.00716,0.31996894,60.81419,7.791392,56.371967,3.2471306,52.790253,-3.015229,74.29181,1.709286,49.88829,0.7361195,48.273983,0.14306948,44.69813,-4.420224,38.09136,-4.471089,52.011944,0.50914866,35.96575,1.2237265,33.590923,-0.15977217,34.806156,-2.6168976,36.06242,-4.443207,41.57289,rock
rock.00050.wav,0.3945208,0.08917252,0.14119698,0.005085804,1721.1466518107272,700827.7005738873,2312.3177477191143,366493.6594401503,3811.3186652588456,3938968.659589977,0.05330347000676721,0.0014560690209360694,0.00073073496,0.011767945,0.001972549,0.0058336854,123.046875,-144.9571,5061.922,118.46496,1283.4542,20.525068,336.84595,28.564392,117.969765,2.353556,85.25602,10.06956,70.69358,11.9176,55.727192,4.8517795,53.14918,-0.08492761,66.4564,3.2985027,43.166622,3.4143987,54.186592,3.6505976,37.387367,5.3643227,60.76607,2.256821,61.086887,1.8704137,33.315628,0.8695149,32.42998,-1.1844798,25.78033,0.809846,28.641361,1.8097508,39.662476,1.7877817,32.45772,rock
rock.00051.wav,0.3686486,0.08703797,0.16167404,0.0021897033,3031.1276858179062,756601.9643363138,3055.5066830566016,86209.3940738306,6732.748151102088,1724444.0657381804,0.12085810614849188,0.005824996416173913,0.00067785947,0.016551329,0.0017743666,0.0051295976,172.265625,-66.28536,2348.8074,66.77525,577.9758,25.18438,351.23434,26.29693,132.9412,5.29162,130.9955,10.455606,76.83613,2.4704697,85.86747,0.7524101,70.6321,-0.37136143,65.858284,1.7261295,70.12339,3.2138004,46.505173,5.0352135,55.97229,-1.9417018,52.42711,-3.0782738,53.951748,0.37914816,56.698467,-0.77988344,38.998405,3.713943,58.64901,2.3967679,58.238987,0.19798729,45.319725,-1.700898,44.616867,rock
rock.00052.wav,0.34060147,0.096997194,0.11331169,0.005564623,2186.669240863217,1757258.3542071853,2448.8386996938234,526187.7769127705,4462.893740483613,7096376.796014876,0.08856659053557618,0.006689176752031415,0.0019247616,0.011482785,0.00094064284,0.0029685292,129.19921875,-181.23041,9539.946,103.43169,1941.7494,9.386158,766.8268,19.07884,317.76508,13.772365,201.50269,-0.52121776,275.6908,4.3893824,162.38377,-7.6141815,96.55758,-8.117305,111.139015,-0.13711454,91.18098,-5.1818705,89.11476,-6.306278,81.6461,-5.451936,57.098064,-5.9776015,65.71564,-1.1736681,55.671482,-2.6703746,52.197422,-5.186531,47.45318,-5.2856364,69.4191,-5.795397,64.57334,-3.7094035,56.41395,rock
rock.00053.wav,0.409179,0.07496382,0.19013606,0.0018895561,3361.7679740670487,304146.65089802333,2933.052172476056,55090.833558677245,6920.343484900667,1019780.5274290435,0.18754758193155452,0.003566753324311317,0.0007582526,0.01717522,0.001889765,0.0090954965,117.45383522727273,4.0827875,1102.141,52.608704,241.68637,-11.054908,121.98788,19.704363,108.11997,11.284098,86.076965,7.05907,61.67451,5.062799,63.56528,4.561673,46.354664,0.025624014,46.400753,5.1544223,41.203453,3.4035952,43.032578,1.1689494,31.621895,0.5820397,32.748417,1.2743222,26.069843,0.714491,25.660059,-0.8116798,32.27577,-3.014231,30.055552,-1.716999,34.139248,-1.6961086,29.692446,-1.2938505,42.001865,rock
rock.00054.wav,0.34662274,0.08651616,0.06544933,0.00063629454,2632.2720334613155,958880.8953277965,2550.1439971478885,201000.70028989622,5309.982972465922,3290821.691471998,0.13240314433488012,0.0072983240984107675,0.001910592,0.0034399524,0.0007053215,0.00060351205,107.666015625,-156.28606,2346.6936,75.62815,993.72516,-16.517866,274.5362,16.340904,229.21146,5.8017077,125.86869,6.009819,95.58671,-4.145812,76.22608,-3.7635734,96.87169,-6.1687303,86.82412,-8.928001,91.87106,-4.1010723,70.06305,-2.207017,91.65578,-4.6508574,85.2744,-5.4203176,82.14749,-4.6888046,53.79129,-7.0807443,66.47136,-3.8854387,38.87725,1.3862368,56.44968,-2.0016851,80.30966,-4.7174654,48.17477,rock
rock.00055.wav,0.43164623,0.073649384,0.14712149,0.0023021814,1712.2893711073168,272340.2843792748,2249.624330339017,209501.98793196678,3618.4024819641822,2654087.748277674,0.06657807364172467,0.000366298502920158,0.0009101994,0.012063061,0.0016194797,0.0043336307,129.19921875,-91.91241,2090.7444,129.96863,490.79214,1.8372804,371.9452,11.621115,215.79417,3.2257633,77.20834,-1.9720752,115.263725,-2.2193565,50.430588,-0.85540605,62.139603,-4.3434763,52.963318,-3.5430148,57.75,-1.5521152,32.725235,-0.5419181,32.133102,0.4020132,36.31314,-1.6473914,34.495026,-4.5720263,26.585136,-2.9696803,25.444357,-4.286571,27.336243,-2.6720417,33.09165,-3.5486426,27.259464,-1.4414599,26.957638,rock
rock.00056.wav,0.48839208,0.07243128,0.17567988,0.0020568091,3303.2031121942023,461255.7477083728,2913.5971013691174,77295.91673334323,6717.260232381091,1251054.4986110996,0.17753347351121423,0.004664278567085413,0.00014145525,0.0137455575,0.0023904322,0.007596335,135.99917763157896,-7.8688965,1581.2212,59.537727,341.1879,3.64771,230.01054,28.984354,97.32064,4.1384044,70.773506,10.26854,44.85929,2.5587137,75.497536,7.6040683,38.760998,-1.3998239,39.622032,2.9641614,43.759808,4.0499907,36.83417,-0.75281394,31.857248,1.0675514,28.1701,-3.0407865,24.473433,-1.0089142,43.417355,-0.6948098,29.200983,-0.6862662,26.342106,1.5193397,24.043852,-0.4616991,26.609583,0.50188434,25.102264,rock
rock.00057.wav,0.39009896,0.08388916,0.12258277,0.0010060898,3488.5019911787995,559997.8369363013,3241.5783079317935,81269.3174172347,7659.9582185324825,1345882.932175415,0.17507016446732404,0.003947906829941883,-0.0008777958,0.0077438657,-0.0023765182,0.0033950857,123.046875,-58.583797,1524.0201,64.91177,393.09055,15.929982,174.19597,5.428903,167.23589,7.5244966,99.63531,9.883128,44.408928,1.5946642,62.171814,5.353822,63.72616,-1.2404983,46.858948,-2.0384183,41.30641,2.4422328,51.78746,-0.71972054,34.962875,-0.30926552,40.325737,-1.4839802,54.25323,3.290024,47.46222,3.6443791,47.508533,-2.5047877,44.14462,-1.1560522,60.168964,-2.3028479,62.656994,-2.216521,59.645653,rock
rock.00058.wav,0.3010271,0.085813515,0.087437816,0.0002007268,2438.175192910581,1006086.988384212,2790.336061748818,230014.1438398117,5499.360249601218,4198705.838683631,0.09895493462393658,0.004250416949414565,-0.0016663013,0.005471274,-0.0016196256,0.0008022826,135.99917763157896,-142.00829,1280.1829,96.975395,864.4258,23.25415,323.6029,10.455744,145.65475,6.293647,107.467155,4.9634185,81.10451,1.0708207,77.8237,1.1035848,55.052235,-4.8490777,64.908226,0.8722024,62.5048,-3.44915,57.388714,-2.0109098,61.618324,-5.9014354,54.536472,-6.031104,49.11586,-2.1139178,58.153614,-6.1682496,60.275352,-0.30380732,75.176476,5.0942173,107.86712,0.12770645,97.76854,1.6715823,94.25694,rock
rock.00059.wav,0.33951104,0.08291649,0.05117929,0.00018354466,2424.5196987393947,1144723.134092033,2927.3422261634014,328270.7164645055,5644.705207275957,6155435.373903751,0.08653680575696056,0.0026817618926204025,-0.001257978,0.0018850904,-0.0014150583,0.00037884628,117.45383522727273,-219.1163,2118.145,94.37081,1076.8016,42.78751,427.05347,16.115028,290.09705,9.503607,132.86673,12.890873,94.687515,7.7313557,60.364456,2.3898096,50.960484,-1.0204222,61.90029,-1.953544,51.34781,-1.9855669,46.4556,3.1467826,52.362965,-0.88252664,34.742004,-6.855735,52.54906,-5.073762,52.66254,-4.0232706,53.837986,-5.603941,44.896378,-4.9950747,103.91506,-2.5028174,98.27908,-4.27858,64.76819,rock
rock.00060.wav,0.40552753,0.08145084,0.1032749,0.00059981475,2796.5844364197355,627648.0017940301,2891.1598850385453,229176.77147192645,6203.061330843968,3543033.7293528803,0.13464402673047177,0.002611599095974347,-0.0010579788,0.0051109204,-0.0021695255,0.0026148013,89.10290948275862,-82.69719,1410.3275,83.516884,528.43555,-0.59757274,225.71597,10.497101,232.92073,10.424636,76.83299,7.0697875,68.67776,5.07857,90.6846,0.07893481,68.44983,-0.20585683,58.742424,-0.9349145,46.133312,-0.096743084,46.96073,-1.7009901,45.655544,-1.0193597,43.128933,0.17545809,53.454937,2.3960109,57.692375,-0.44936857,49.115486,0.85133255,67.18792,-1.8573087,63.245686,-4.5129642,50.31236,-3.1955383,41.01671,rock
rock.00061.wav,0.29978907,0.08569216,0.08831079,0.00044200028,2072.1545181474407,801022.0239236287,2739.762939946517,238558.89866119876,4688.517743528857,5383718.671384813,0.06905497752320186,0.002358579284890683,-0.0013087871,0.0054493225,-0.0018356995,0.0008804441,80.74951171875,-193.64023,4446.556,98.43583,848.9793,44.057926,681.8493,23.775482,217.64061,12.580539,141.84036,8.4607725,83.833694,2.1690936,82.045265,-0.34457612,56.580082,-8.183045,62.960915,-9.117337,50.650333,-5.2378254,63.078102,-4.8426147,46.43174,-1.3743817,46.226036,-1.2646358,94.25615,3.216643,79.45167,3.6884453,72.57322,1.3845586,88.673485,2.715334,141.49123,1.7022024,63.799225,-1.7910889,84.50786,rock
rock.00062.wav,0.31963512,0.09188179,0.060456336,0.00079167035,2946.6326070961836,1008866.1529772095,3203.143085016328,207827.64581700222,6983.236092481148,3244568.981510439,0.10852154630703789,0.004503730980195873,-0.0012631174,0.0023232866,-0.0012354153,0.0012026582,123.046875,-212.2839,4089.5005,65.78227,798.83435,45.207645,731.97876,19.728804,315.91467,11.811091,230.31352,8.058759,133.3038,4.4258933,121.355644,4.2154007,56.282013,-2.3198674,63.588566,-2.2011733,69.84462,-1.6351123,59.05926,-4.6608105,35.548466,-3.7225633,46.08182,-6.775609,55.56714,-2.9975386,42.79228,-6.5122967,51.381004,-10.916957,73.29628,-3.3977473,87.57095,-1.2068572,109.74338,-3.110246,115.79923,rock
rock.00063.wav,0.32963905,0.09369634,0.053076725,0.0003653333,1711.1692943047158,1534117.1083564877,2309.1872563179804,690442.033788489,3491.7013146207946,8308336.347161512,0.05584948097931168,0.002803697488167925,-0.001680639,0.0026171913,-0.001141091,0.00018832438,75.99954044117646,-302.8243,7840.9434,116.2184,2550.7192,44.6891,716.5582,25.962639,531.14355,18.715103,294.01685,7.5668535,180.13333,7.3339343,148.60832,4.0336523,95.54461,-4.1819897,144.84308,0.879667,134.49562,0.95483494,178.00981,2.8209014,96.25039,1.4063516,127.16215,-3.4743688,105.81403,-0.8914467,111.011024,0.59212136,63.619007,-0.8123585,97.731834,-2.380754,86.85463,0.3687788,75.31689,-1.8517039,125.85586,rock
rock.00064.wav,0.3742859,0.08474812,0.10706775,0.0016517637,2181.338268112923,155618.13069246916,2181.0562713354593,75702.09980933051,4689.725135042054,980975.7662377702,0.10636978562451663,0.0014719640506469644,-0.0010819669,0.0064162975,-0.0014895236,0.0028729353,151.99908088235293,-118.8025,3026.8667,104.436676,304.15637,-29.188753,412.8082,42.102615,123.746704,-13.299715,155.29797,29.062935,122.926575,-20.866318,81.44788,21.608942,48.89317,-24.331242,66.478455,10.7288265,60.726643,-15.099055,55.061256,5.9375844,46.871914,-11.788948,43.50864,-0.90746856,41.616505,-11.01456,60.821087,-0.19940795,43.305607,-6.906149,40.473186,-1.297816,47.76032,-6.3202825,33.13725,-2.6999989,33.244213,rock
rock.00065.wav,0.3952954,0.08077558,0.114658765,0.0012987765,2294.229735197606,181462.5198696562,2104.263625795628,75789.37017341027,4730.226875181264,766653.6194684717,0.12909317901682135,0.0014174605003808153,-0.0010424572,0.0075151105,-0.002404618,0.0028565365,123.046875,-95.25766,1982.7198,103.813416,421.11707,-37.01362,385.7794,52.685883,155.9551,-20.752981,148.0897,27.573769,91.84139,-17.5265,90.68075,24.807493,76.2129,-11.295161,93.675995,16.644753,99.4971,-9.246779,80.20402,10.183925,59.701057,-8.78414,52.562004,1.8383002,46.920322,-3.9530869,47.19754,2.1714826,35.684204,-6.69774,36.86634,5.1020174,28.905376,-9.701118,35.644268,-3.960038,38.71245,rock
rock.00066.wav,0.36023065,0.08710101,0.042990003,0.0008277141,2209.486739594417,401680.72698834783,2174.992422739541,132158.92739110725,4575.022941288428,1717178.1961304287,0.10714657953886311,0.0028186301687346234,-0.0017856082,0.0012955145,-0.0004512526,0.000752853,75.99954044117646,-245.10092,9069.441,95.093445,807.30566,-21.263948,613.45264,45.649635,282.59692,-3.5521014,155.6659,14.970439,250.7529,-20.681795,201.29999,19.520777,116.406105,-21.715769,206.11346,7.3187175,117.04829,-9.291167,89.40551,0.81458414,80.98189,-13.00813,62.470165,0.062346682,86.731514,-8.231256,49.97947,1.0585309,74.11151,-8.031603,59.388813,-0.39880127,44.6934,-4.3575134,54.686424,-4.2228274,47.73326,rock
rock.00067.wav,0.39295337,0.084606245,0.10020051,0.0015440265,2414.161864863233,478627.15935294883,2339.2593423879807,106984.62743221143,5213.041924213312,1489285.5088924265,0.11988569762664346,0.0036452169451631003,-0.001092144,0.0045192675,-0.0021055106,0.0034183492,103.359375,-123.67157,2574.7747,94.753395,738.39777,-9.5527525,390.94666,53.26699,217.41382,-13.762559,127.90853,17.746737,148.85995,-19.215258,126.71633,25.295883,86.16048,-18.705511,97.75707,15.396704,71.94733,-12.512173,67.8718,9.378814,54.84868,-11.60687,49.609577,0.66548324,72.82821,-6.9870534,55.078186,3.3640049,43.20413,-7.142924,46.848785,0.5123948,35.518116,-8.73698,43.580803,-1.4573005,37.46359,rock
rock.00068.wav,0.40201995,0.08270973,0.0911825,0.00055585016,2467.2607803727697,282447.9207147205,2399.010070409637,44682.1838047209,5402.8105627356435,789595.5114377433,0.11827508700696056,0.0025487040423852877,-0.0015138136,0.0046206233,-0.0021506054,0.0018980711,123.046875,-121.12452,1691.0704,91.73827,414.5582,-14.719738,243.19118,52.961185,83.87854,-11.417391,73.58477,31.010502,91.61753,-17.489897,62.766144,24.197327,70.98854,-24.775946,75.77711,17.118107,59.504833,-15.880233,52.3631,10.38057,49.65524,-8.630904,38.66214,7.1464286,43.135113,-11.839625,36.148655,3.1697445,31.86968,-10.362881,31.488604,1.5105846,33.543667,-10.358375,40.237072,-2.4793766,31.073555,rock
rock.00069.wav,0.31147614,0.08819712,0.046997484,0.00027291157,2568.395445450852,604457.6979338763,2344.894327876408,104708.19105716301,5364.140726961282,1641529.604852106,0.13763375809648104,0.004209777401967429,-0.0022094673,0.0014269296,-0.0007041967,0.00042307726,172.265625,-203.34494,2001.4716,85.4117,831.31146,-11.576987,297.17157,54.754364,145.7437,-11.617434,111.268585,20.56847,141.90054,-27.760782,141.80746,18.873287,67.78323,-31.642632,172.11302,10.700183,104.295135,-11.927794,82.77911,4.132147,82.84096,-3.9985468,102.45242,1.7360578,65.47437,-7.907964,81.29252,4.3033795,73.94624,-11.239042,60.688564,-1.1848902,55.86423,-5.03274,60.186214,-2.3639996,49.784576,rock
rock.00070.wav,0.36796013,0.087712176,0.05409475,0.0006462755,2511.7143061599827,392918.14179856237,2245.0750540796025,88032.60976182636,5129.615334070476,1145831.1137165138,0.13911899410286155,0.0036092785120732393,-0.0022746818,0.0018224367,-0.00065053836,0.00089494186,172.265625,-202.22345,3479.598,75.23143,568.0149,-14.236297,538.7199,66.306335,256.65073,-8.287852,194.64774,24.383793,135.10909,-16.236677,142.80399,17.128633,86.54789,-21.286032,94.76096,3.9629781,132.54077,-19.76039,76.82032,0.48267347,64.99536,-4.509064,78.60993,-5.3664737,68.93865,-8.966871,95.53315,-0.041333687,55.677048,-8.02467,75.26217,-0.51663876,39.047405,-6.7963386,56.170437,-8.444971,47.538708,rock
rock.00071.wav,0.45448428,0.07846687,0.16095097,0.0025117528,2025.0641304683293,218833.2688340547,2215.1627774497874,71460.43801736353,4570.99275168576,1008339.166451667,0.09080369658739366,0.0012385431229758213,-0.0014524795,0.010409006,0.0004989645,0.008340821,112.34714673913044,-79.81995,3290.91,109.9367,360.19012,-17.13555,252.81342,47.214085,222.81366,-11.933717,129.27356,33.32855,87.94218,-11.712043,90.2595,23.636423,61.814735,-13.6773205,90.43754,18.445547,67.98678,-6.9493895,63.916546,13.0382805,42.793327,-11.589943,42.331688,9.098724,42.857716,-5.957463,28.274363,4.9145265,40.229156,-8.714124,50.218163,3.7107124,40.904648,-5.1020746,65.0396,2.6278586,57.362915,rock
rock.00072.wav,0.40352795,0.084468946,0.16540022,0.0023565714,1933.3373458580052,422482.42624571145,2211.284994992346,96112.3936070769,4359.765851580626,1777428.3163176377,0.08170157518851508,0.0026586469849938766,-0.001581531,0.016820373,0.00044772358,0.0051983367,103.359375,-95.375534,2887.1858,112.45124,588.69244,-2.0774405,414.59998,47.046688,206.05463,-10.369908,115.98645,29.785519,84.82973,-15.113547,65.29721,20.186108,49.011715,-12.673779,52.605534,16.497211,69.31463,-7.8592286,46.71645,11.876695,49.49901,-11.1869955,42.22956,8.866213,39.333473,-4.952222,42.064827,0.9222928,38.92721,-6.1117043,39.82382,3.2416008,43.125553,-8.060127,57.50504,0.7370048,35.65268,rock
rock.00073.wav,0.45848677,0.07466455,0.1692631,0.0021605878,2223.9691765083976,292542.22046940326,2287.771865200681,52746.56145371426,4917.48080862094,927123.5042518869,0.11002037715100542,0.0024382915333306453,-0.0015788542,0.0136269145,0.0001302923,0.007007165,95.703125,-61.69562,1825.4064,103.5662,352.39572,-16.91641,179.09323,49.247673,119.008965,-14.815669,65.16944,31.691504,69.83543,-17.215197,66.9966,24.61505,43.469296,-14.486075,55.052658,18.019432,68.19767,-11.67271,38.489376,11.470351,46.565544,-9.824016,39.986763,8.85506,31.294422,-8.564864,30.433657,4.4088693,30.809406,-8.275844,30.012562,1.5914819,49.31584,-7.034197,32.45559,-0.8262322,37.853497,rock
rock.00074.wav,0.39435107,0.084967256,0.15379857,0.0019675067,2140.2830872814766,202250.13230052966,2245.9024881989494,57956.72345394689,4831.456245015226,647977.8860320285,0.09114092408642692,0.001020668929610226,-0.0009786765,0.014222431,-0.00022098182,0.005405439,112.34714673913044,-83.36812,2062.8435,103.90498,295.40887,-13.954147,181.9137,56.912594,93.8726,-14.43371,64.267105,32.197018,51.31515,-14.136274,71.1158,19.167461,42.703148,-9.342845,82.17836,13.166685,51.026115,-11.730691,45.90628,8.401819,43.74195,-9.400614,41.63155,10.225259,33.064934,-4.21358,36.488613,5.6282663,37.233288,-6.3784084,38.0754,1.8044477,34.564213,-5.576438,34.16034,-0.44022378,33.557858,rock
rock.00075.wav,0.40852216,0.09061156,0.12687102,0.0017825323,2301.7700382014727,411367.80164605816,2355.0290596294867,76175.64703797208,5092.044640915024,1215685.1812809866,0.11151731982308585,0.0032004194261543092,-0.0013457001,0.0071784128,0.00018605297,0.005693764,117.45383522727273,-113.657845,3622.0054,94.94122,629.13635,-4.1284766,401.54092,51.786396,160.62334,-13.776981,151.22032,34.347267,134.20413,-17.603132,114.48021,22.537716,91.212494,-12.411016,84.27876,17.204842,80.89607,-9.231343,80.95213,9.977349,71.849846,-13.473844,46.040604,7.5857787,54.52197,-7.2646394,42.555923,3.645773,60.444176,-8.463105,52.82699,0.39540547,57.310047,-9.240809,68.6082,-0.2865813,78.64759,rock
rock.00076.wav,0.3455759,0.09340037,0.14581469,0.0023138083,1659.5913676445532,508713.2115260511,1953.1940258193029,113756.4784331645,3580.332178527407,1872447.1287300645,0.07118068143368136,0.0029309644677357554,-0.0018356537,0.014280175,0.00063853076,0.0040680403,95.703125,-132.39337,2249.816,124.67918,815.2657,-9.69277,321.39124,46.452026,183.1471,-6.306091,230.93823,30.534199,156.08202,-11.145722,121.68908,20.404236,71.731026,-11.221901,64.62939,9.368879,95.31314,-5.829724,67.3595,7.8187475,79.22588,-8.726418,71.57132,5.618452,70.5245,-4.0869746,48.96956,-0.6323346,46.611004,-8.114819,55.911587,-0.6764859,47.438717,-7.606043,46.784683,-0.21058919,75.95956,rock
rock.00077.wav,0.45539778,0.07747451,0.12868471,0.0019120233,2187.9366586123824,238422.04355425882,2350.7821994699725,86259.78266841588,4993.8046059309745,1269376.7401871448,0.10623761359242073,0.0017391199021864017,-0.0013513503,0.008521064,0.00023104243,0.0048421347,107.666015625,-103.96426,2905.3184,101.90469,350.71405,-10.340274,426.72583,43.67058,158.00528,-11.510563,135.13853,26.94337,84.462425,-9.995867,105.65729,25.0187,49.89996,-14.213517,51.310337,19.713219,58.932873,-10.531307,48.217175,12.673635,48.73196,-12.690149,45.787632,6.8567877,50.36961,-6.0864043,36.745197,5.4609747,50.694763,-6.2438927,47.222195,-1.4577035,57.157047,-8.2451515,39.779335,-3.2739828,31.323515,rock
rock.00078.wav,0.3579974,0.091972694,0.14435397,0.0020931913,1877.9683470280606,520864.15258776443,2204.247169708553,135983.71991318197,4285.498783262036,2197499.2773325536,0.0717101248308198,0.003289194227969901,-0.0016926398,0.01373559,0.0007077245,0.004004567,99.38401442307692,-130.98306,2599.3145,111.02361,681.01984,-2.1509993,361.20593,41.78348,212.08304,-3.2020328,195.8134,34.655052,125.05832,-17.60973,112.80124,19.878576,85.947334,-9.146214,83.71482,14.884945,85.93179,-6.8465424,68.87671,9.2045965,48.224407,-6.9707727,59.373672,6.322464,61.064137,-9.627941,48.508762,0.51476157,57.008083,-12.772728,34.26398,-4.8808675,51.996273,-2.5171673,68.15845,-3.125364,50.07331,rock
rock.00079.wav,0.36006948,0.08396277,0.11665953,0.000789222,2148.4009184905804,253628.7119557405,2107.1090412730905,72172.17076673827,4479.280957710992,978693.8271027373,0.10910574668890177,0.001541895882962208,-1.7453483e-06,0.0074850684,-1.7155162e-05,0.0026950235,123.046875,-91.39275,1777.9014,112.11608,397.70093,-27.345358,247.86543,47.97841,92.26968,-19.601683,83.50456,27.718723,61.41548,-18.55097,73.17319,17.433367,39.76813,-13.161514,70.4088,14.41955,51.300003,-15.218308,46.18548,11.52615,43.100716,-12.587086,35.96272,0.90485495,41.93811,-10.441168,39.906094,-0.611863,36.86695,-13.481617,50.88189,3.3057272,47.737335,-3.7086513,56.824356,1.0857345,54.19875,rock
rock.00080.wav,0.3686047,0.08260171,0.104332164,0.0008794317,2606.2611467109623,259094.8416768735,2318.766347040146,58907.95410595923,5339.318422817575,883076.9401880255,0.14967274204853054,0.0023288708558556388,1.1343143e-06,0.005852442,-1.5940628e-05,0.0023661067,117.45383522727273,-87.96438,1492.0117,93.53566,317.83917,-23.224026,197.53947,48.123466,93.04175,-21.444712,82.39178,27.754807,64.91292,-20.335535,96.93766,18.751484,68.46188,-15.218708,60.09236,16.133469,55.609375,-21.41218,67.1967,10.867748,36.394867,-12.026507,52.61019,5.1234984,65.4726,-7.3036647,41.427692,4.6613207,50.55591,-10.165855,83.0838,5.499814,53.999046,-4.3694463,75.58907,0.31226498,53.51493,rock
rock.00081.wav,0.33565226,0.08684513,0.09362348,0.0014671555,2553.6435086620068,359682.1494473971,2219.1017938284194,71404.11083146688,5123.536742314385,1055025.9931930825,0.1361319061774942,0.0035474332312964594,6.503666e-08,0.0050771055,-4.449413e-06,0.0025377243,117.45383522727273,-121.46697,5140.8857,89.52725,709.6337,-33.490353,262.56293,41.959053,227.09247,-25.940283,154.54106,23.04037,118.90246,-20.253145,136.94424,14.365855,101.99706,-16.338194,110.551765,17.046362,105.72071,-16.961536,67.83721,9.144575,66.50532,-10.106951,51.1791,4.2052093,68.51308,-9.360472,62.834663,1.6120547,57.579853,-10.548402,73.00669,1.0753498,45.456047,-1.640031,63.560257,7.538744,73.96335,rock
rock.00082.wav,0.3826934,0.08606619,0.09327006,0.0010317386,2975.773811562643,296288.40177400195,2423.2053157565456,51001.52708185933,5926.5353669699825,675951.6442163006,0.1837123271945089,0.004122790078151783,-1.8149752e-06,0.0043944824,-2.1069252e-05,0.0023377873,99.38401442307692,-95.44647,2345.5193,78.33685,297.0376,-26.221178,290.216,44.241337,115.31616,-22.469748,128.21143,29.748888,85.38425,-21.57327,91.62349,23.954361,65.18431,-16.57705,48.267002,20.47198,47.246864,-19.630772,70.17506,13.887503,55.310154,-12.625713,63.54434,6.2481356,62.104923,-7.6665807,49.150715,7.4061193,53.477234,-9.415543,65.69381,9.65207,91.36403,-3.7834237,62.4168,1.066947,78.261116,rock
rock.00083.wav,0.37873957,0.081306666,0.10167808,0.00051880383,2116.1456024268386,189325.40277854842,2245.391435171077,61759.5592693967,4689.983267020737,822959.2046382226,0.09278892050947408,0.0008113164267283047,-4.853322e-06,0.006301731,-2.042417e-05,0.0017418095,123.046875,-119.15098,1387.3734,107.44224,274.37427,-10.973196,197.3134,58.55536,58.634026,-12.933258,81.560745,26.83433,57.323544,-17.646807,51.148693,19.371737,50.563976,-15.605269,43.71809,13.570684,54.009727,-16.67104,45.862026,11.870045,33.895554,-12.196167,34.980755,5.2358336,41.767056,-6.1746464,40.85459,4.25262,39.652317,-8.040415,42.601612,3.526596,34.121834,-7.685807,51.023903,-1.3395648,43.84403,rock
rock.00084.wav,0.35672423,0.0890916,0.106824376,0.0007864033,2581.5076042919945,418226.7274389177,2376.171881061056,64758.22951904492,5390.361939892691,1148461.6403391208,0.1392005631283836,0.0041446697122625295,-3.2087733e-06,0.0068817423,-2.30207e-05,0.0021785332,129.19921875,-94.26873,1765.9264,91.89087,458.99213,-17.601385,270.06952,45.527336,90.09073,-15.701893,158.03256,32.635612,58.69544,-18.013712,84.24471,21.570967,55.874577,-15.723526,63.36098,16.806913,46.116962,-18.290829,49.996365,13.340856,51.998386,-15.457929,56.096706,5.2054644,46.132195,-11.220915,47.85326,6.206765,41.009117,-7.958713,50.226852,7.710797,82.0365,-4.6050243,78.97908,0.5353574,49.352657,rock
rock.00085.wav,0.3218232,0.088630125,0.062991194,0.00087694824,2255.867398314433,532014.6144489978,2058.003300787205,105688.05030086159,4508.88286687935,1476403.5136728324,0.12097706097737819,0.003726848437716483,-3.0186259e-06,0.0033186143,-2.0570516e-05,0.00057904853,184.5703125,-185.50003,3981.3452,98.92578,869.9495,-36.44288,330.24356,44.427536,237.30777,-17.759829,230.25249,21.284357,188.56303,-20.293684,149.8718,13.771658,123.738365,-15.498613,132.49403,11.033223,140.5122,-16.787758,128.53592,2.3346376,100.57472,-12.634642,91.90707,0.1508127,77.651695,-4.4001203,81.448616,-2.4655712,93.186066,-8.966494,120.812355,6.8722243,134.12195,-6.6973553,83.951485,-1.2077824,121.983894,rock
rock.00086.wav,0.39104795,0.087328486,0.07624123,0.00229222,2521.2256238471828,590990.3317896612,2133.4848392710214,105831.63718235125,4830.540292832801,1558569.8306586957,0.14628158533932714,0.005608476780554009,-0.0009327992,0.0033104676,-0.00093575334,0.0022542381,129.19921875,-160.15704,10935.492,88.74145,943.3727,-35.476883,813.85187,47.4943,396.51776,-12.60362,184.4654,17.301561,143.46104,-19.144144,138.12926,14.595069,90.43877,-20.387825,138.17368,11.093687,105.71507,-11.144935,77.96857,7.699109,71.755356,-9.863814,63.07215,6.9854503,78.06017,-10.138801,52.623478,3.0738516,49.314034,-7.9530306,44.4354,0.69746614,73.11961,-4.9263062,45.306454,-2.608306,59.734436,rock
rock.00087.wav,0.3929944,0.0763977,0.16573809,0.0010295698,2334.519061160983,113049.8979811292,2208.0601553434717,44237.83928005457,4819.107544228538,706278.8742001909,0.12855316185711524,0.0007913492263565582,-0.00023772009,0.016274685,-0.0017210819,0.0047213724,129.19921875,-42.662823,770.2174,102.988686,165.50061,-36.8779,166.22334,44.516605,81.47267,-11.9962015,93.22433,25.576914,65.399315,-22.668953,51.15083,28.336857,37.084045,-19.271854,31.519712,21.482964,38.182663,-15.258891,35.391766,11.748107,31.611843,-11.575924,24.600233,4.7860646,31.50818,-13.024809,28.98916,4.361161,31.320784,-11.952075,24.097263,0.89715636,45.982727,-0.4747937,54.533413,1.2999212,38.834114,rock
rock.00088.wav,0.40824467,0.089073166,0.08952018,0.0014766175,2590.7815234504424,305869.91340047936,2078.721989646061,77103.63089531523,4889.452671838747,948280.2083346399,0.16172267739752513,0.0036490372948284355,-0.0017650266,0.0040007047,-0.0012710328,0.0026988136,92.28515625,-117.97405,4444.806,84.0584,716.958,-50.26788,331.00183,46.049637,230.4593,-17.698416,86.90336,20.855793,88.586914,-21.641117,110.059,16.67161,66.8942,-12.952743,83.92179,12.837912,67.588104,-13.080166,68.21537,11.31062,51.956806,-12.596915,68.82454,4.381586,45.497433,-12.073298,52.291256,0.669869,49.067665,-6.7976227,68.30372,4.458886,89.48444,0.24022484,94.9397,0.44193238,106.11543,rock
rock.00089.wav,0.34340003,0.086550996,0.10520216,0.0013842286,1609.758694575816,349316.9438954678,1816.041340509823,126973.80418076199,3380.4464318082946,1497994.2014098773,0.07325653760634183,0.001771492615693374,-6.886065e-07,0.0070949127,-3.0759842e-05,0.0026257583,107.666015625,-156.29813,2890.8564,130.7896,678.51013,-25.229616,211.59169,43.48547,182.36917,-12.138993,130.52576,25.392202,91.07908,-7.9401684,113.46653,17.616287,65.850235,-8.628423,93.40981,9.566105,65.08754,-8.367283,62.18366,5.763708,52.27227,-7.0483007,49.09521,-1.8863184,52.427307,-7.683533,57.783184,3.004139,57.388535,-6.433903,66.59235,-1.3064599,47.29791,-7.830779,73.390785,-4.146004,94.280525,rock
rock.00090.wav,0.25567335,0.09060569,0.15463758,0.0014856848,2495.684156021748,273562.17971294874,2249.689678906831,37773.71334830955,5213.03359737529,530482.2492918686,0.12063605713457076,0.0017713309119406103,-0.010913615,0.017524138,-0.0024502038,0.0030414718,123.046875,-89.01616,2194.838,86.21833,735.64935,-24.412222,264.20645,47.093178,231.40753,-33.65718,156.60121,29.464834,64.91188,-19.750496,85.782715,21.635778,91.17631,-16.74669,81.44832,6.538771,101.885925,-13.391208,87.8943,7.4855866,137.7818,-12.85139,111.63943,8.587704,114.44189,-7.8912563,95.04516,11.49762,130.29507,0.67780876,199.19116,9.797574,172.2165,-2.1274853,180.2818,0.5861889,148.7114,rock
rock.00091.wav,0.44346303,0.06970151,0.10823642,0.00016365822,2474.4653495906973,258120.10170070606,2123.435980723061,83126.7039508566,4754.649491099913,1165113.5088650053,0.15013458889211137,0.0018154139276444416,3.6462184e-06,0.0065109567,-1.2601583e-05,0.001881215,143.5546875,-74.30769,834.4356,100.11084,444.7073,-47.357513,293.89407,49.609303,117.75852,-18.40536,67.879456,24.60919,48.287643,-15.910987,63.19673,23.892094,42.511078,-22.828266,33.43626,23.324926,51.0172,-16.943432,34.65527,14.924825,31.38182,-11.49566,29.204176,4.220348,26.133345,-13.625411,29.466494,4.4772468,25.680122,-11.660444,31.332977,4.3243303,29.795753,-10.592984,23.709063,-0.847235,24.043697,rock
rock.00092.wav,0.41659114,0.07374329,0.1068667,0.00021669529,2471.4537520158965,108657.01545192841,2102.1934648392053,25988.308861124162,4687.268717825551,458196.73856206826,0.15093857248163187,0.0009732999995177241,-4.041951e-07,0.0059936983,-1.454093e-05,0.0020338655,129.19921875,-70.11194,566.8039,94.16672,200.07758,-50.33251,88.21024,46.95689,61.875168,-16.10815,50.261684,19.98747,36.163544,-23.955923,38.01727,16.344193,36.634796,-22.179575,30.416029,14.427519,34.87974,-20.087427,29.928564,12.139044,25.6943,-14.773107,28.172438,4.9046216,28.62636,-13.62448,26.455095,0.82260984,26.049313,-15.060139,21.806318,-1.6115502,23.839111,-16.089869,21.049044,-2.1866074,23.574179,rock
rock.00093.wav,0.34342152,0.0818708,0.10572245,0.00048124706,1939.722261427516,158728.58192587647,1881.5632772410233,91094.00331188005,3748.5176528966067,857851.8589514678,0.09832088650425368,0.000685167853076819,-3.1979937e-07,0.008202985,-1.4171195e-05,0.0013350951,103.359375,-114.78572,1002.0634,119.293335,478.12424,-50.734497,217.32397,42.62416,135.2674,-6.7016063,92.62552,19.707987,85.70174,-16.883589,58.45682,19.394009,45.69526,-17.410425,51.354057,17.302908,66.61147,-10.872791,43.126545,6.657836,35.504726,-15.7666645,44.72474,3.5462644,51.682556,-7.7657857,45.242485,3.3836033,32.512253,-7.6936955,32.9088,1.6116912,34.6458,-10.708937,49.238617,-0.5419845,43.252216,rock
rock.00094.wav,0.38928163,0.073403224,0.10190492,0.00037229186,2628.9166255228897,93869.63112369824,2210.5134194144935,37252.5011098334,5085.982702834976,461576.1622150322,0.14664940122293116,0.0010224855149872998,-6.5553076e-07,0.0076352134,-1.5967693e-05,0.0009082508,112.34714673913044,-90.24029,615.13354,80.06857,135.39134,-46.36335,215.38481,56.045547,49.603764,-8.0926485,36.045444,27.477394,27.30978,-17.326693,31.374378,22.967056,22.371315,-17.591234,45.976154,18.405153,36.64875,-17.44015,38.165886,7.6492333,36.20978,-19.298676,27.288319,1.1883795,24.305473,-14.477152,31.768661,4.5136366,26.193754,-12.766622,24.66195,2.994773,31.54899,-6.4113603,31.566896,2.257085,38.418896,rock
rock.00095.wav,0.35197702,0.08047889,0.07944595,0.00034580583,2008.1745206409441,282095.5475196977,2106.3140916188945,88556.09069900782,4253.6236473136605,1222211.0255678669,0.08922745069605569,0.001304727902572771,-2.2440843e-06,0.0045978585,-1.5523938e-05,0.00068114145,103.359375,-153.63005,2539.2595,109.904785,453.89743,-23.091646,188.18266,59.014496,130.92365,-7.5204816,89.95815,19.728552,58.24438,-16.488035,89.077576,18.078283,43.772217,-22.212603,77.558586,15.408715,61.031563,-12.378634,42.648254,12.347538,43.482273,-12.3100605,49.127956,5.7802963,56.37114,-10.265627,36.62775,1.8031518,45.036552,-13.29347,41.667393,2.4838254,36.720837,-6.716792,54.836437,-1.1984034,49.9469,rock
rock.00096.wav,0.39886934,0.0751171,0.07642329,0.00058925396,2006.8272649211456,182135.8373563456,2068.8392593748954,82342.1774555408,4149.1717911651685,1046246.005695648,0.09766418032192575,0.0008675365527162448,4.418575e-06,0.0039830864,-1.1928594e-05,0.0008178896,117.45383522727273,-142.41621,3282.1492,116.20546,344.59082,-32.160263,190.75334,49.11151,66.63825,-8.389906,81.14929,22.885155,44.59847,-18.317211,63.99426,20.110556,43.963993,-22.102661,36.81463,10.792425,53.117,-12.998068,43.62885,14.083412,38.232494,-16.392958,34.81606,4.162846,29.09569,-4.3739843,43.540905,3.7363334,33.842625,-10.860102,39.252415,1.8778214,32.027817,-7.4682636,39.17617,-2.791855,31.719292,rock
rock.00097.wav,0.43198025,0.075220674,0.08159775,0.0003222887,2077.5658220829505,231716.29082132122,1927.2280126977867,74753.37365424779,4031.530223589762,804488.853660842,0.12182258434841454,0.0016968198977234162,2.1090857e-06,0.0038272338,-1.2790056e-05,0.0011279582,129.19921875,-124.989655,1683.0377,115.18234,475.29163,-47.985886,290.23425,52.820343,113.74826,-13.493603,76.998184,21.751259,80.87142,-12.417659,59.964603,20.127153,41.682285,-18.373243,44.59521,10.123631,81.84975,-16.045313,43.331944,10.47731,42.927067,-17.95571,44.22891,1.2151546,37.24492,-11.5279045,39.42979,1.8380665,33.591026,-12.851801,36.294918,3.4456987,35.95489,-12.589927,42.507107,-2.104325,29.860994,rock
rock.00098.wav,0.3626352,0.09153154,0.083802395,0.0012068073,1398.649504763717,240406.20724054103,1818.1651247368884,109151.26387489072,3015.5976970345127,1332917.967695876,0.048724275546210366,0.0008075376512072434,2.8930904e-07,0.006074637,-1.4529118e-05,0.00065390323,73.828125,-225.03336,10766.062,123.657265,493.22577,-9.745124,604.33435,56.613846,189.84511,10.42182,156.24466,20.64321,211.07886,-10.258778,106.95553,15.571303,103.1644,-8.24035,69.725464,12.808757,92.62054,-9.006475,63.90717,7.6886306,75.41229,-10.083799,56.674496,-0.2522786,42.604523,-5.282494,46.753723,-2.810897,46.314507,-4.421513,43.6206,1.5583625,34.33572,-5.0460777,47.172318,-3.587599,41.29636,rock
rock.00099.wav,0.3583181,0.08581701,0.054431498,0.00033657285,1609.7851808042763,422325.2105010405,1797.061552954301,120233.33205867781,3246.925584124855,1753429.869007857,0.07630480230085074,0.0021712966553924305,-6.3544786e-07,0.0026638731,-1.6359752e-05,0.00019120956,123.046875,-235.20059,7713.9443,123.87175,799.3343,-22.546131,518.84174,52.951675,227.68184,-1.4538212,182.415,24.660513,126.350266,-7.088473,118.52415,14.8901,93.551216,-12.783066,79.31469,16.718231,76.07009,-2.9434726,79.11752,10.081299,45.597042,-15.028531,43.000507,3.1190753,67.36639,-7.1235514,58.072083,1.7955871,59.10209,-7.077187,73.670845,0.023404527,76.48678,-2.0338798,72.16987,1.1501082,49.73514,rock
